Date,Team,Opponent,GoalsScored,GoalsConceded,Points,Venue,FormPoints,FormGoalsScored,FormGoalsConceded
2023-08-21,Arsenal,Crystal Palace,1,0,3,Away,3.0,2.0,1.0
2023-08-26,Arsenal,Fulham,2,2,1,Home,6.0,1.5,0.5
2023-09-03,Arsenal,Man United,3,1,3,Home,7.0,1.6666666666666667,1.0
2023-09-17,Arsenal,Everton,1,0,3,Away,7.0,2.0,1.0
2023-09-24,Arsenal,Tottenham,2,2,1,Home,7.0,2.0,1.0
2023-09-30,Arsenal,Bournemouth,4,0,3,Away,7.0,2.0,1.0
2023-10-08,Arsenal,Man City,1,0,3,Home,7.0,2.3333333333333335,0.6666666666666666
2023-10-21,Arsenal,Chelsea,2,2,1,Away,7.0,2.3333333333333335,0.6666666666666666
2023-10-28,Arsenal,Sheffield United,5,0,3,Home,7.0,2.3333333333333335,0.6666666666666666
2023-11-04,Arsenal,Newcastle,0,1,0,Away,7.0,2.6666666666666665,0.6666666666666666
2023-11-11,Arsenal,Burnley,3,1,3,Home,4.0,2.3333333333333335,1.0
2023-11-25,Arsenal,Brentford,1,0,3,Away,6.0,2.6666666666666665,0.6666666666666666
2023-12-02,Arsenal,Wolves,2,1,3,Home,6.0,1.3333333333333333,0.6666666666666666
2023-12-05,Arsenal,Luton,4,3,3,Away,9.0,2.0,0.6666666666666666
2023-12-09,Arsenal,Aston Villa,0,1,0,Away,9.0,2.3333333333333335,1.3333333333333333
2023-12-17,Arsenal,Brighton,2,0,3,Home,6.0,2.0,1.6666666666666667
2023-12-23,Arsenal,Liverpool,1,1,1,Away,6.0,2.0,1.3333333333333333
2023-12-28,Arsenal,West Ham,0,2,0,Home,4.0,1.0,0.6666666666666666
2023-12-31,Arsenal,Fulham,1,2,0,Away,4.0,1.0,1.0
2024-01-20,Arsenal,Crystal Palace,5,0,3,Home,1.0,0.6666666666666666,1.6666666666666667
2024-01-30,Arsenal,Nott'm Forest,2,1,3,Away,3.0,2.0,1.3333333333333333
2024-02-04,Arsenal,Liverpool,3,1,3,Home,6.0,2.6666666666666665,1.0
2024-02-11,Arsenal,West Ham,6,0,3,Away,9.0,3.3333333333333335,0.6666666666666666
2024-02-17,Arsenal,Burnley,5,0,3,Away,9.0,3.6666666666666665,0.6666666666666666
2024-02-24,Arsenal,Newcastle,4,1,3,Home,9.0,4.666666666666667,0.3333333333333333
2024-03-04,Arsenal,Sheffield United,6,0,3,Away,9.0,5.0,0.3333333333333333
2024-03-09,Arsenal,Brentford,2,1,3,Home,9.0,5.0,0.3333333333333333
2024-03-31,Arsenal,Man City,0,0,1,Away,9.0,4.0,0.6666666666666666
2024-04-03,Arsenal,Luton,2,0,3,Home,7.0,2.6666666666666665,0.3333333333333333
2024-04-06,Arsenal,Brighton,3,0,3,Away,7.0,1.3333333333333333,0.3333333333333333
2024-04-14,Arsenal,Aston Villa,0,2,0,Home,7.0,1.6666666666666667,0.0
2024-04-20,Arsenal,Wolves,2,0,3,Away,6.0,1.6666666666666667,0.6666666666666666
2024-04-23,Arsenal,Chelsea,5,0,3,Home,6.0,1.6666666666666667,0.6666666666666666
2024-04-28,Arsenal,Tottenham,3,2,3,Away,6.0,2.3333333333333335,0.6666666666666666
2024-05-04,Arsenal,Bournemouth,3,0,3,Home,9.0,3.3333333333333335,0.6666666666666666
2024-05-12,Arsenal,Man United,1,0,3,Away,9.0,3.6666666666666665,0.6666666666666666
2024-05-19,Arsenal,Everton,2,1,3,Home,9.0,2.3333333333333335,0.6666666666666666
2023-08-20,Aston Villa,Everton,4,0,3,Home,0.0,1.0,5.0
2023-08-27,Aston Villa,Burnley,3,1,3,Away,3.0,2.5,2.5
2023-09-03,Aston Villa,Liverpool,0,3,0,Away,6.0,2.6666666666666665,2.0
2023-09-16,Aston Villa,Crystal Palace,3,1,3,Home,6.0,2.3333333333333335,1.3333333333333333
2023-09-24,Aston Villa,Chelsea,1,0,3,Away,6.0,2.0,1.6666666666666667
2023-09-30,Aston Villa,Brighton,6,1,3,Home,6.0,1.3333333333333333,1.3333333333333333
2023-10-08,Aston Villa,Wolves,1,1,1,Away,9.0,3.3333333333333335,0.6666666666666666
2023-10-22,Aston Villa,West Ham,4,1,3,Home,7.0,2.6666666666666665,0.6666666666666666
2023-10-29,Aston Villa,Luton,3,1,3,Home,7.0,3.6666666666666665,1.0
2023-11-05,Aston Villa,Nott'm Forest,0,2,0,Away,7.0,2.6666666666666665,1.0
2023-11-12,Aston Villa,Fulham,3,1,3,Home,6.0,2.3333333333333335,1.3333333333333333
2023-11-26,Aston Villa,Tottenham,2,1,3,Away,6.0,2.0,1.3333333333333333
2023-12-03,Aston Villa,Bournemouth,2,2,1,Away,6.0,1.6666666666666667,1.3333333333333333
2023-12-06,Aston Villa,Man City,1,0,3,Home,7.0,2.3333333333333335,1.3333333333333333
2023-12-09,Aston Villa,Arsenal,1,0,3,Home,7.0,1.6666666666666667,1.0
2023-12-17,Aston Villa,Brentford,2,1,3,Away,7.0,1.3333333333333333,0.6666666666666666
2023-12-22,Aston Villa,Sheffield United,1,1,1,Home,9.0,1.3333333333333333,0.3333333333333333
2023-12-26,Aston Villa,Man United,2,3,0,Away,7.0,1.3333333333333333,0.6666666666666666
2023-12-30,Aston Villa,Burnley,3,2,3,Home,4.0,1.6666666666666667,1.6666666666666667
2024-01-14,Aston Villa,Everton,0,0,1,Away,4.0,2.0,2.0
2024-01-30,Aston Villa,Newcastle,1,3,0,Home,4.0,1.6666666666666667,1.6666666666666667
2024-02-03,Aston Villa,Sheffield United,5,0,3,Away,4.0,1.3333333333333333,1.6666666666666667
2024-02-11,Aston Villa,Man United,1,2,0,Home,4.0,2.0,1.0
2024-02-17,Aston Villa,Fulham,2,1,3,Away,3.0,2.3333333333333335,1.6666666666666667
2024-02-24,Aston Villa,Nott'm Forest,4,2,3,Home,6.0,2.6666666666666665,1.0
2024-03-02,Aston Villa,Luton,3,2,3,Away,6.0,2.3333333333333335,1.6666666666666667
2024-03-10,Aston Villa,Tottenham,0,4,0,Home,9.0,3.0,1.6666666666666667
2024-03-17,Aston Villa,West Ham,1,1,1,Away,6.0,2.3333333333333335,2.6666666666666665
2024-03-30,Aston Villa,Wolves,2,0,3,Home,4.0,1.3333333333333333,2.3333333333333335
2024-04-03,Aston Villa,Man City,1,4,0,Away,4.0,1.0,1.6666666666666667
2024-04-06,Aston Villa,Brentford,3,3,1,Home,4.0,1.3333333333333333,1.6666666666666667
2024-04-14,Aston Villa,Arsenal,2,0,3,Away,4.0,2.0,2.3333333333333335
2024-04-21,Aston Villa,Bournemouth,3,1,3,Home,4.0,2.0,2.3333333333333335
2024-04-27,Aston Villa,Chelsea,2,2,1,Home,7.0,2.6666666666666665,1.3333333333333333
2024-05-05,Aston Villa,Brighton,0,1,0,Away,7.0,2.3333333333333335,1.0
2024-05-13,Aston Villa,Liverpool,3,3,1,Home,4.0,1.6666666666666667,1.3333333333333333
2024-05-19,Aston Villa,Crystal Palace,0,5,0,Away,2.0,1.6666666666666667,2.0
2023-08-19,Bournemouth,Liverpool,1,3,0,Away,1.0,1.0,1.0
2023-08-26,Bournemouth,Tottenham,0,2,0,Home,1.0,1.0,2.0
2023-09-02,Bournemouth,Brentford,2,2,1,Away,1.0,0.6666666666666666,2.0
2023-09-17,Bournemouth,Chelsea,0,0,1,Home,1.0,1.0,2.3333333333333335
2023-09-24,Bournemouth,Brighton,1,3,0,Away,2.0,0.6666666666666666,1.3333333333333333
2023-09-30,Bournemouth,Arsenal,0,4,0,Home,2.0,1.0,1.6666666666666667
2023-10-07,Bournemouth,Everton,0,3,0,Away,1.0,0.3333333333333333,2.3333333333333335
2023-10-21,Bournemouth,Wolves,1,2,0,Home,0.0,0.3333333333333333,3.3333333333333335
2023-10-28,Bournemouth,Burnley,2,1,3,Home,0.0,0.3333333333333333,3.0
2023-11-04,Bournemouth,Man City,1,6,0,Away,3.0,1.0,2.0
2023-11-11,Bournemouth,Newcastle,2,0,3,Home,3.0,1.3333333333333333,3.0
2023-11-25,Bournemouth,Sheffield United,3,1,3,Away,6.0,1.6666666666666667,2.3333333333333335
2023-12-03,Bournemouth,Aston Villa,2,2,1,Home,6.0,2.0,2.3333333333333335
2023-12-06,Bournemouth,Crystal Palace,2,0,3,Away,7.0,2.3333333333333335,1.0
2023-12-09,Bournemouth,Man United,3,0,3,Away,7.0,2.3333333333333335,1.0
2023-12-23,Bournemouth,Nott'm Forest,3,2,3,Away,7.0,2.3333333333333335,0.6666666666666666
2023-12-26,Bournemouth,Fulham,3,0,3,Home,9.0,2.6666666666666665,0.6666666666666666
2023-12-31,Bournemouth,Tottenham,1,3,0,Away,9.0,3.0,0.6666666666666666
2024-01-21,Bournemouth,Liverpool,0,4,0,Home,6.0,2.3333333333333335,1.6666666666666667
2024-02-01,Bournemouth,West Ham,1,1,1,Away,3.0,1.3333333333333333,2.3333333333333335
2024-02-04,Bournemouth,Nott'm Forest,1,1,1,Home,1.0,0.6666666666666666,2.6666666666666665
2024-02-10,Bournemouth,Fulham,1,3,0,Away,2.0,0.6666666666666666,2.0
2024-02-17,Bournemouth,Newcastle,2,2,1,Away,2.0,1.0,1.6666666666666667
2024-02-24,Bournemouth,Man City,0,1,0,Home,2.0,1.3333333333333333,2.0
2024-03-03,Bournemouth,Burnley,2,0,3,Away,1.0,1.0,2.0
2024-03-09,Bournemouth,Sheffield United,2,2,1,Home,4.0,1.3333333333333333,1.0
2024-03-13,Bournemouth,Luton,4,3,3,Home,4.0,1.3333333333333333,1.0
2024-03-30,Bournemouth,Everton,2,1,3,Home,7.0,2.6666666666666665,1.6666666666666667
2024-04-02,Bournemouth,Crystal Palace,1,0,3,Home,7.0,2.6666666666666665,2.0
2024-04-06,Bournemouth,Luton,1,2,0,Away,9.0,2.3333333333333335,1.3333333333333333
2024-04-13,Bournemouth,Man United,2,2,1,Home,6.0,1.3333333333333333,1.0
2024-04-21,Bournemouth,Aston Villa,1,3,0,Away,4.0,1.3333333333333333,1.3333333333333333
2024-04-24,Bournemouth,Wolves,1,0,3,Away,1.0,1.3333333333333333,2.3333333333333335
2024-04-28,Bournemouth,Brighton,3,0,3,Home,4.0,1.3333333333333333,1.6666666666666667
2024-05-04,Bournemouth,Arsenal,0,3,0,Away,6.0,1.6666666666666667,1.0
2024-05-11,Bournemouth,Brentford,1,2,0,Home,6.0,1.3333333333333333,1.0
2024-05-19,Bournemouth,Chelsea,1,2,0,Away,3.0,1.3333333333333333,1.6666666666666667
2023-08-19,Brentford,Fulham,3,0,3,Away,1.0,2.0,2.0
2023-08-26,Brentford,Crystal Palace,1,1,1,Home,4.0,2.5,1.0
2023-09-02,Brentford,Bournemouth,2,2,1,Home,5.0,2.0,1.0
2023-09-16,Brentford,Newcastle,0,1,0,Away,5.0,2.0,1.0
2023-09-23,Brentford,Everton,1,3,0,Home,2.0,1.0,1.3333333333333333
2023-10-01,Brentford,Nott'm Forest,1,1,1,Away,1.0,1.0,2.0
2023-10-07,Brentford,Man United,1,2,0,Away,1.0,0.6666666666666666,1.6666666666666667
2023-10-21,Brentford,Burnley,3,0,3,Home,1.0,1.0,2.0
2023-10-28,Brentford,Chelsea,2,0,3,Away,4.0,1.6666666666666667,1.0
2023-11-04,Brentford,West Ham,3,2,3,Home,6.0,2.0,0.6666666666666666
2023-11-12,Brentford,Liverpool,0,3,0,Away,9.0,2.6666666666666665,0.6666666666666666
2023-11-25,Brentford,Arsenal,0,1,0,Home,6.0,1.6666666666666667,1.6666666666666667
2023-12-02,Brentford,Luton,3,1,3,Home,3.0,1.0,2.0
2023-12-06,Brentford,Brighton,1,2,0,Away,3.0,1.0,1.6666666666666667
2023-12-09,Brentford,Sheffield United,0,1,0,Away,3.0,1.3333333333333333,1.3333333333333333
2023-12-17,Brentford,Aston Villa,1,2,0,Home,3.0,1.3333333333333333,1.3333333333333333
2023-12-27,Brentford,Wolves,1,4,0,Home,0.0,0.6666666666666666,1.6666666666666667
2023-12-30,Brentford,Crystal Palace,1,3,0,Away,0.0,0.6666666666666666,2.3333333333333335
2024-01-20,Brentford,Nott'm Forest,3,2,3,Home,0.0,1.0,3.0
2024-01-31,Brentford,Tottenham,2,3,0,Away,3.0,1.6666666666666667,3.0
2024-02-05,Brentford,Man City,1,3,0,Home,3.0,2.0,2.6666666666666665
2024-02-10,Brentford,Wolves,2,0,3,Away,3.0,2.0,2.6666666666666665
2024-02-17,Brentford,Liverpool,1,4,0,Home,3.0,1.6666666666666667,2.0
2024-02-20,Brentford,Man City,0,1,0,Away,3.0,1.3333333333333333,2.3333333333333335
2024-02-26,Brentford,West Ham,2,4,0,Away,3.0,1.0,1.6666666666666667
2024-03-02,Brentford,Chelsea,2,2,1,Home,0.0,1.0,3.0
2024-03-09,Brentford,Arsenal,1,2,0,Away,1.0,1.3333333333333333,2.3333333333333335
2024-03-16,Brentford,Burnley,1,2,0,Away,1.0,1.6666666666666667,2.6666666666666665
2024-03-30,Brentford,Man United,1,1,1,Home,1.0,1.3333333333333333,2.0
2024-04-03,Brentford,Brighton,0,0,1,Home,1.0,1.0,1.6666666666666667
2024-04-06,Brentford,Aston Villa,3,3,1,Away,2.0,0.6666666666666666,1.0
2024-04-13,Brentford,Sheffield United,2,0,3,Home,3.0,1.3333333333333333,1.3333333333333333
2024-04-20,Brentford,Luton,5,1,3,Away,5.0,1.6666666666666667,1.0
2024-04-27,Brentford,Everton,0,1,0,Away,7.0,3.3333333333333335,1.3333333333333333
2024-05-04,Brentford,Fulham,0,0,1,Home,6.0,2.3333333333333335,0.6666666666666666
2024-05-11,Brentford,Bournemouth,2,1,3,Away,4.0,1.6666666666666667,0.6666666666666666
2024-05-19,Brentford,Newcastle,2,4,0,Home,4.0,0.6666666666666666,0.6666666666666666
2023-08-19,Brighton,Wolves,4,1,3,Away,3.0,4.0,1.0
2023-08-26,Brighton,West Ham,1,3,0,Home,6.0,4.0,1.0
2023-09-02,Brighton,Newcastle,3,1,3,Home,6.0,3.0,1.6666666666666667
2023-09-16,Brighton,Man United,3,1,3,Away,6.0,2.6666666666666665,1.6666666666666667
2023-09-24,Brighton,Bournemouth,3,1,3,Home,6.0,2.3333333333333335,1.6666666666666667
2023-09-30,Brighton,Aston Villa,1,6,0,Away,9.0,3.0,1.0
2023-10-08,Brighton,Liverpool,2,2,1,Home,6.0,2.3333333333333335,2.6666666666666665
2023-10-21,Brighton,Man City,1,2,0,Away,4.0,2.0,3.0
2023-10-29,Brighton,Fulham,1,1,1,Home,1.0,1.3333333333333333,3.3333333333333335
2023-11-04,Brighton,Everton,1,1,1,Away,2.0,1.3333333333333333,1.6666666666666667
2023-11-12,Brighton,Sheffield United,1,1,1,Home,2.0,1.0,1.3333333333333333
2023-11-25,Brighton,Nott'm Forest,3,2,3,Away,3.0,1.0,1.0
2023-12-03,Brighton,Chelsea,2,3,0,Away,5.0,1.6666666666666667,1.3333333333333333
2023-12-06,Brighton,Brentford,2,1,3,Home,4.0,2.0,2.0
2023-12-09,Brighton,Burnley,1,1,1,Home,6.0,2.3333333333333335,2.0
2023-12-17,Brighton,Arsenal,0,2,0,Away,4.0,1.6666666666666667,1.6666666666666667
2023-12-21,Brighton,Crystal Palace,1,1,1,Away,4.0,1.0,1.3333333333333333
2023-12-28,Brighton,Tottenham,4,2,3,Home,2.0,0.6666666666666666,1.3333333333333333
2024-01-02,Brighton,West Ham,0,0,1,Away,4.0,1.6666666666666667,1.6666666666666667
2024-01-22,Brighton,Wolves,0,0,1,Home,5.0,1.6666666666666667,1.0
2024-01-30,Brighton,Luton,0,4,0,Away,5.0,1.3333333333333333,0.6666666666666666
2024-02-03,Brighton,Crystal Palace,4,1,3,Home,2.0,0.0,1.3333333333333333
2024-02-10,Brighton,Tottenham,1,2,0,Away,4.0,1.3333333333333333,1.6666666666666667
2024-02-18,Brighton,Sheffield United,5,0,3,Away,3.0,1.6666666666666667,2.3333333333333335
2024-02-24,Brighton,Everton,1,1,1,Home,6.0,3.3333333333333335,1.0
2024-03-02,Brighton,Fulham,0,3,0,Away,4.0,2.3333333333333335,1.0
2024-03-10,Brighton,Nott'm Forest,1,0,3,Home,4.0,2.0,1.3333333333333333
2024-03-31,Brighton,Liverpool,1,2,0,Away,4.0,0.6666666666666666,1.3333333333333333
2024-04-03,Brighton,Brentford,0,0,1,Away,3.0,0.6666666666666666,1.6666666666666667
2024-04-06,Brighton,Arsenal,0,3,0,Home,4.0,0.6666666666666666,0.6666666666666666
2024-04-13,Brighton,Burnley,1,1,1,Away,1.0,0.3333333333333333,1.6666666666666667
2024-04-25,Brighton,Man City,0,4,0,Home,2.0,0.3333333333333333,1.3333333333333333
2024-04-28,Brighton,Bournemouth,0,3,0,Away,1.0,0.3333333333333333,2.6666666666666665
2024-05-05,Brighton,Aston Villa,1,0,3,Home,1.0,0.3333333333333333,2.6666666666666665
2024-05-11,Brighton,Newcastle,1,1,1,Away,3.0,0.3333333333333333,2.3333333333333335
2024-05-15,Brighton,Chelsea,1,2,0,Home,4.0,0.6666666666666666,1.3333333333333333
2024-05-19,Brighton,Man United,0,2,0,Home,4.0,1.0,1.0
2023-08-27,Burnley,Aston Villa,1,3,0,Home,0.0,0.0,3.0
2023-09-02,Burnley,Tottenham,2,5,0,Home,0.0,0.5,3.0
2023-09-18,Burnley,Nott'm Forest,1,1,1,Away,0.0,1.0,3.6666666666666665
2023-09-23,Burnley,Man United,0,1,0,Home,1.0,1.3333333333333333,3.0
2023-09-30,Burnley,Newcastle,0,2,0,Away,1.0,1.0,2.3333333333333335
2023-10-03,Burnley,Luton,2,1,3,Away,1.0,0.3333333333333333,1.3333333333333333
2023-10-07,Burnley,Chelsea,1,4,0,Home,3.0,0.6666666666666666,1.3333333333333333
2023-10-21,Burnley,Brentford,0,3,0,Away,3.0,1.0,2.3333333333333335
2023-10-28,Burnley,Bournemouth,1,2,0,Away,3.0,1.0,2.6666666666666665
2023-11-04,Burnley,Crystal Palace,0,2,0,Home,0.0,0.6666666666666666,3.0
2023-11-11,Burnley,Arsenal,1,3,0,Away,0.0,0.3333333333333333,2.3333333333333335
2023-11-25,Burnley,West Ham,1,2,0,Home,0.0,0.6666666666666666,2.3333333333333335
2023-12-02,Burnley,Sheffield United,5,0,3,Home,0.0,0.6666666666666666,2.3333333333333335
2023-12-05,Burnley,Wolves,0,1,0,Away,3.0,2.3333333333333335,1.6666666666666667
2023-12-09,Burnley,Brighton,1,1,1,Away,3.0,2.0,1.0
2023-12-16,Burnley,Everton,0,2,0,Home,4.0,2.0,0.6666666666666666
2023-12-23,Burnley,Fulham,2,0,3,Away,1.0,0.3333333333333333,1.3333333333333333
2023-12-26,Burnley,Liverpool,0,2,0,Home,4.0,1.0,1.0
2023-12-30,Burnley,Aston Villa,2,3,0,Away,3.0,0.6666666666666666,1.3333333333333333
2024-01-12,Burnley,Luton,1,1,1,Home,3.0,1.3333333333333333,1.6666666666666667
2024-01-31,Burnley,Man City,1,3,0,Away,1.0,1.0,2.0
2024-02-03,Burnley,Fulham,2,2,1,Home,1.0,1.3333333333333333,2.3333333333333335
2024-02-10,Burnley,Liverpool,1,3,0,Away,2.0,1.3333333333333333,2.0
2024-02-17,Burnley,Arsenal,0,5,0,Home,1.0,1.3333333333333333,2.6666666666666665
2024-02-24,Burnley,Crystal Palace,0,3,0,Away,1.0,1.0,3.3333333333333335
2024-03-03,Burnley,Bournemouth,0,2,0,Home,0.0,0.3333333333333333,3.6666666666666665
2024-03-10,Burnley,West Ham,2,2,1,Away,0.0,0.0,3.3333333333333335
2024-03-16,Burnley,Brentford,2,1,3,Home,1.0,0.6666666666666666,2.3333333333333335
2024-03-30,Burnley,Chelsea,2,2,1,Away,4.0,1.3333333333333333,1.6666666666666667
2024-04-02,Burnley,Wolves,1,1,1,Home,5.0,2.0,1.6666666666666667
2024-04-06,Burnley,Everton,0,1,0,Away,5.0,1.6666666666666667,1.3333333333333333
2024-04-13,Burnley,Brighton,1,1,1,Home,2.0,1.0,1.3333333333333333
2024-04-20,Burnley,Sheffield United,4,1,3,Away,2.0,0.6666666666666666,1.0
2024-04-27,Burnley,Man United,1,1,1,Away,4.0,1.6666666666666667,1.0
2024-05-04,Burnley,Newcastle,1,4,0,Home,5.0,2.0,1.0
2024-05-11,Burnley,Tottenham,1,2,0,Away,4.0,2.0,2.0
2024-05-19,Burnley,Nott'm Forest,1,2,0,Home,1.0,1.0,2.3333333333333335
2023-08-20,Chelsea,West Ham,1,3,0,Away,1.0,1.0,1.0
2023-08-25,Chelsea,Luton,3,0,3,Home,1.0,1.0,2.0
2023-09-02,Chelsea,Nott'm Forest,0,1,0,Home,4.0,1.6666666666666667,1.3333333333333333
2023-09-17,Chelsea,Bournemouth,0,0,1,Away,3.0,1.3333333333333333,1.3333333333333333
2023-09-24,Chelsea,Aston Villa,0,1,0,Home,4.0,1.0,0.3333333333333333
2023-10-02,Chelsea,Fulham,2,0,3,Away,1.0,0.0,0.6666666666666666
2023-10-07,Chelsea,Burnley,4,1,3,Away,4.0,0.6666666666666666,0.3333333333333333
2023-10-21,Chelsea,Arsenal,2,2,1,Home,6.0,2.0,0.6666666666666666
2023-10-28,Chelsea,Brentford,0,2,0,Home,7.0,2.6666666666666665,1.0
2023-11-06,Chelsea,Tottenham,4,1,3,Away,4.0,2.0,1.6666666666666667
2023-11-12,Chelsea,Man City,4,4,1,Home,4.0,2.0,1.6666666666666667
2023-11-25,Chelsea,Newcastle,1,4,0,Away,4.0,2.6666666666666665,2.3333333333333335
2023-12-03,Chelsea,Brighton,3,2,3,Home,4.0,3.0,3.0
2023-12-06,Chelsea,Man United,1,2,0,Away,4.0,2.6666666666666665,3.3333333333333335
2023-12-10,Chelsea,Everton,0,2,0,Away,3.0,1.6666666666666667,2.6666666666666665
2023-12-16,Chelsea,Sheffield United,2,0,3,Home,3.0,1.3333333333333333,2.0
2023-12-24,Chelsea,Wolves,1,2,0,Away,3.0,1.0,1.3333333333333333
2023-12-27,Chelsea,Crystal Palace,2,1,3,Home,3.0,1.0,1.3333333333333333
2023-12-30,Chelsea,Luton,3,2,3,Away,6.0,1.6666666666666667,1.0
2024-01-13,Chelsea,Fulham,1,0,3,Home,6.0,2.0,1.6666666666666667
2024-01-31,Chelsea,Liverpool,1,4,0,Away,9.0,2.0,1.0
2024-02-04,Chelsea,Wolves,2,4,0,Home,6.0,1.6666666666666667,2.0
2024-02-12,Chelsea,Crystal Palace,3,1,3,Away,3.0,1.3333333333333333,2.6666666666666665
2024-02-17,Chelsea,Man City,1,1,1,Away,3.0,2.0,3.0
2024-03-02,Chelsea,Brentford,2,2,1,Away,4.0,2.0,2.0
2024-03-11,Chelsea,Newcastle,3,2,3,Home,5.0,2.0,1.3333333333333333
2024-03-30,Chelsea,Burnley,2,2,1,Home,5.0,2.0,1.6666666666666667
2024-04-04,Chelsea,Man United,4,3,3,Home,5.0,2.3333333333333335,2.0
2024-04-07,Chelsea,Sheffield United,2,2,1,Away,7.0,3.0,2.3333333333333335
2024-04-15,Chelsea,Everton,6,0,3,Home,5.0,2.6666666666666665,2.3333333333333335
2024-04-23,Chelsea,Arsenal,0,5,0,Away,7.0,4.0,1.6666666666666667
2024-04-27,Chelsea,Aston Villa,2,2,1,Away,4.0,2.6666666666666665,2.3333333333333335
2024-05-02,Chelsea,Tottenham,2,0,3,Home,4.0,2.6666666666666665,2.3333333333333335
2024-05-05,Chelsea,West Ham,5,0,3,Home,4.0,1.3333333333333333,2.3333333333333335
2024-05-11,Chelsea,Nott'm Forest,3,2,3,Away,7.0,3.0,0.6666666666666666
2024-05-15,Chelsea,Brighton,2,1,3,Away,9.0,3.3333333333333335,0.6666666666666666
2024-05-19,Chelsea,Bournemouth,2,1,3,Home,9.0,3.3333333333333335,1.0
2023-08-21,Crystal Palace,Arsenal,0,1,0,Home,3.0,1.0,0.0
2023-08-26,Crystal Palace,Brentford,1,1,1,Away,3.0,0.5,0.5
2023-09-03,Crystal Palace,Wolves,3,2,3,Home,4.0,0.6666666666666666,0.6666666666666666
2023-09-16,Crystal Palace,Aston Villa,1,3,0,Away,4.0,1.3333333333333333,1.3333333333333333
2023-09-23,Crystal Palace,Fulham,0,0,1,Home,4.0,1.6666666666666667,2.0
2023-09-30,Crystal Palace,Man United,1,0,3,Away,4.0,1.3333333333333333,1.6666666666666667
2023-10-07,Crystal Palace,Nott'm Forest,0,0,1,Home,4.0,0.6666666666666666,1.0
2023-10-21,Crystal Palace,Newcastle,0,4,0,Away,5.0,0.3333333333333333,0.0
2023-10-27,Crystal Palace,Tottenham,1,2,0,Home,4.0,0.3333333333333333,1.3333333333333333
2023-11-04,Crystal Palace,Burnley,2,0,3,Away,1.0,0.3333333333333333,2.0
2023-11-11,Crystal Palace,Everton,2,3,0,Home,3.0,1.0,2.0
2023-11-25,Crystal Palace,Luton,1,2,0,Away,3.0,1.6666666666666667,1.6666666666666667
2023-12-03,Crystal Palace,West Ham,1,1,1,Away,3.0,1.6666666666666667,1.6666666666666667
2023-12-06,Crystal Palace,Bournemouth,0,2,0,Home,1.0,1.3333333333333333,2.0
2023-12-09,Crystal Palace,Liverpool,1,2,0,Home,1.0,0.6666666666666666,1.6666666666666667
2023-12-16,Crystal Palace,Man City,2,2,1,Away,1.0,0.6666666666666666,1.6666666666666667
2023-12-21,Crystal Palace,Brighton,1,1,1,Home,1.0,1.0,2.0
2023-12-27,Crystal Palace,Chelsea,1,2,0,Away,2.0,1.3333333333333333,1.6666666666666667
2023-12-30,Crystal Palace,Brentford,3,1,3,Home,2.0,1.3333333333333333,1.6666666666666667
2024-01-20,Crystal Palace,Arsenal,0,5,0,Away,4.0,1.6666666666666667,1.3333333333333333
2024-01-30,Crystal Palace,Sheffield United,3,2,3,Home,3.0,1.3333333333333333,2.6666666666666665
2024-02-03,Crystal Palace,Brighton,1,4,0,Away,6.0,2.0,2.6666666666666665
2024-02-12,Crystal Palace,Chelsea,1,3,0,Home,3.0,1.3333333333333333,3.6666666666666665
2024-02-19,Crystal Palace,Everton,1,1,1,Away,3.0,1.6666666666666667,3.0
2024-02-24,Crystal Palace,Burnley,3,0,3,Home,1.0,1.0,2.6666666666666665
2024-03-02,Crystal Palace,Tottenham,1,3,0,Away,4.0,1.6666666666666667,1.3333333333333333
2024-03-09,Crystal Palace,Luton,1,1,1,Home,4.0,1.6666666666666667,1.3333333333333333
2024-03-30,Crystal Palace,Nott'm Forest,1,1,1,Away,4.0,1.6666666666666667,1.3333333333333333
2024-04-02,Crystal Palace,Bournemouth,0,1,0,Away,2.0,1.0,1.6666666666666667
2024-04-06,Crystal Palace,Man City,2,4,0,Home,2.0,0.6666666666666666,1.0
2024-04-14,Crystal Palace,Liverpool,1,0,3,Away,1.0,1.0,2.0
2024-04-21,Crystal Palace,West Ham,5,2,3,Home,3.0,1.0,1.6666666666666667
2024-04-24,Crystal Palace,Newcastle,2,0,3,Home,6.0,2.6666666666666665,2.0
2024-04-27,Crystal Palace,Fulham,1,1,1,Away,9.0,2.6666666666666665,0.6666666666666666
2024-05-06,Crystal Palace,Man United,4,0,3,Home,7.0,2.6666666666666665,1.0
2024-05-11,Crystal Palace,Wolves,3,1,3,Away,7.0,2.3333333333333335,0.3333333333333333
2024-05-19,Crystal Palace,Aston Villa,5,0,3,Home,7.0,2.6666666666666665,0.6666666666666666
2023-08-20,Everton,Aston Villa,0,4,0,Away,0.0,0.0,1.0
2023-08-26,Everton,Wolves,0,1,0,Home,0.0,0.0,2.5
2023-09-02,Everton,Sheffield United,2,2,1,Away,0.0,0.0,2.0
2023-09-17,Everton,Arsenal,0,1,0,Home,1.0,0.6666666666666666,2.3333333333333335
2023-09-23,Everton,Brentford,3,1,3,Away,1.0,0.6666666666666666,1.3333333333333333
2023-09-30,Everton,Luton,1,2,0,Home,4.0,1.6666666666666667,1.3333333333333333
2023-10-07,Everton,Bournemouth,3,0,3,Home,3.0,1.3333333333333333,1.3333333333333333
2023-10-21,Everton,Liverpool,0,2,0,Away,6.0,2.3333333333333335,1.0
2023-10-29,Everton,West Ham,1,0,3,Away,3.0,1.3333333333333333,1.3333333333333333
2023-11-04,Everton,Brighton,1,1,1,Home,6.0,1.3333333333333333,0.6666666666666666
2023-11-11,Everton,Crystal Palace,3,2,3,Away,4.0,0.6666666666666666,1.0
2023-11-26,Everton,Man United,0,3,0,Home,7.0,1.6666666666666667,1.0
2023-12-02,Everton,Nott'm Forest,1,0,3,Away,4.0,1.3333333333333333,2.0
2023-12-07,Everton,Newcastle,3,0,3,Home,6.0,1.3333333333333333,1.6666666666666667
2023-12-10,Everton,Chelsea,2,0,3,Home,6.0,1.3333333333333333,1.0
2023-12-16,Everton,Burnley,2,0,3,Away,9.0,2.0,0.0
2023-12-23,Everton,Tottenham,1,2,0,Away,9.0,2.3333333333333335,0.0
2023-12-27,Everton,Man City,1,3,0,Home,6.0,1.6666666666666667,0.6666666666666666
2023-12-30,Everton,Wolves,0,3,0,Away,3.0,1.3333333333333333,1.6666666666666667
2024-01-14,Everton,Aston Villa,0,0,1,Home,0.0,0.6666666666666666,2.6666666666666665
2024-01-30,Everton,Fulham,0,0,1,Away,1.0,0.3333333333333333,2.0
2024-02-03,Everton,Tottenham,2,2,1,Home,2.0,0.0,1.0
2024-02-10,Everton,Man City,0,2,0,Away,3.0,0.6666666666666666,0.6666666666666666
2024-02-19,Everton,Crystal Palace,1,1,1,Home,2.0,0.6666666666666666,1.3333333333333333
2024-02-24,Everton,Brighton,1,1,1,Away,2.0,1.0,1.6666666666666667
2024-03-02,Everton,West Ham,1,3,0,Home,2.0,0.6666666666666666,1.3333333333333333
2024-03-09,Everton,Man United,0,2,0,Away,2.0,1.0,1.6666666666666667
2024-03-30,Everton,Bournemouth,1,2,0,Away,1.0,0.6666666666666666,2.0
2024-04-02,Everton,Newcastle,1,1,1,Away,0.0,0.6666666666666666,2.3333333333333335
2024-04-06,Everton,Burnley,1,0,3,Home,1.0,0.6666666666666666,1.6666666666666667
2024-04-15,Everton,Chelsea,0,6,0,Away,4.0,1.0,1.0
2024-04-21,Everton,Nott'm Forest,2,0,3,Home,4.0,0.6666666666666666,2.3333333333333335
2024-04-24,Everton,Liverpool,2,0,3,Home,6.0,1.0,2.0
2024-04-27,Everton,Brentford,1,0,3,Home,6.0,1.3333333333333333,2.0
2024-05-03,Everton,Luton,1,1,1,Away,9.0,1.6666666666666667,0.0
2024-05-11,Everton,Sheffield United,1,0,3,Home,7.0,1.3333333333333333,0.3333333333333333
2024-05-19,Everton,Arsenal,1,2,0,Away,7.0,1.0,0.3333333333333333
2023-08-19,Fulham,Brentford,0,3,0,Home,3.0,1.0,0.0
2023-08-26,Fulham,Arsenal,2,2,1,Away,3.0,0.5,1.5
2023-09-02,Fulham,Man City,1,5,0,Away,4.0,1.0,1.6666666666666667
2023-09-16,Fulham,Luton,1,0,3,Home,1.0,1.0,3.3333333333333335
2023-09-23,Fulham,Crystal Palace,0,0,1,Away,4.0,1.3333333333333333,2.3333333333333335
2023-10-02,Fulham,Chelsea,0,2,0,Home,4.0,0.6666666666666666,1.6666666666666667
2023-10-07,Fulham,Sheffield United,3,1,3,Home,4.0,0.3333333333333333,0.6666666666666666
2023-10-23,Fulham,Tottenham,0,2,0,Away,4.0,1.0,1.0
2023-10-29,Fulham,Brighton,1,1,1,Away,3.0,1.0,1.6666666666666667
2023-11-04,Fulham,Man United,0,1,0,Home,4.0,1.3333333333333333,1.3333333333333333
2023-11-12,Fulham,Aston Villa,1,3,0,Away,1.0,0.3333333333333333,1.3333333333333333
2023-11-27,Fulham,Wolves,3,2,3,Home,1.0,0.6666666666666666,1.6666666666666667
2023-12-03,Fulham,Liverpool,3,4,0,Away,3.0,1.3333333333333333,2.0
2023-12-06,Fulham,Nott'm Forest,5,0,3,Home,3.0,2.3333333333333335,3.0
2023-12-10,Fulham,West Ham,5,0,3,Home,6.0,3.6666666666666665,2.0
2023-12-16,Fulham,Newcastle,0,3,0,Away,6.0,4.333333333333333,1.3333333333333333
2023-12-23,Fulham,Burnley,0,2,0,Home,6.0,3.3333333333333335,1.0
2023-12-26,Fulham,Bournemouth,0,3,0,Away,3.0,1.6666666666666667,1.6666666666666667
2023-12-31,Fulham,Arsenal,2,1,3,Home,0.0,0.0,2.6666666666666665
2024-01-13,Fulham,Chelsea,0,1,0,Away,3.0,0.6666666666666666,2.0
2024-01-30,Fulham,Everton,0,0,1,Home,3.0,0.6666666666666666,1.6666666666666667
2024-02-03,Fulham,Burnley,2,2,1,Away,4.0,0.6666666666666666,0.6666666666666666
2024-02-10,Fulham,Bournemouth,3,1,3,Home,2.0,0.6666666666666666,1.0
2024-02-17,Fulham,Aston Villa,1,2,0,Home,5.0,1.6666666666666667,1.0
2024-02-24,Fulham,Man United,2,1,3,Away,4.0,2.0,1.6666666666666667
2024-03-02,Fulham,Brighton,3,0,3,Home,6.0,2.0,1.3333333333333333
2024-03-09,Fulham,Wolves,1,2,0,Away,6.0,2.0,1.0
2024-03-16,Fulham,Tottenham,3,0,3,Home,6.0,2.0,1.0
2024-03-30,Fulham,Sheffield United,3,3,1,Away,6.0,2.3333333333333335,0.6666666666666666
2024-04-02,Fulham,Nott'm Forest,1,3,0,Away,4.0,2.3333333333333335,1.6666666666666667
2024-04-06,Fulham,Newcastle,0,1,0,Home,4.0,2.3333333333333335,2.0
2024-04-14,Fulham,West Ham,2,0,3,Away,1.0,1.3333333333333333,2.3333333333333335
2024-04-21,Fulham,Liverpool,1,3,0,Home,3.0,1.0,1.3333333333333333
2024-04-27,Fulham,Crystal Palace,1,1,1,Home,3.0,1.0,1.3333333333333333
2024-05-04,Fulham,Brentford,0,0,1,Away,4.0,1.3333333333333333,1.3333333333333333
2024-05-11,Fulham,Man City,0,4,0,Home,2.0,0.6666666666666666,1.3333333333333333
2024-05-19,Fulham,Luton,4,2,3,Away,2.0,0.3333333333333333,1.6666666666666667
2023-08-19,Liverpool,Bournemouth,3,1,3,Home,1.0,1.0,1.0
2023-08-27,Liverpool,Newcastle,2,1,3,Away,4.0,2.0,1.0
2023-09-03,Liverpool,Aston Villa,3,0,3,Home,7.0,2.0,1.0
2023-09-16,Liverpool,Wolves,3,1,3,Away,9.0,2.6666666666666665,0.6666666666666666
2023-09-24,Liverpool,West Ham,3,1,3,Home,9.0,2.6666666666666665,0.6666666666666666
2023-09-30,Liverpool,Tottenham,1,2,0,Away,9.0,3.0,0.6666666666666666
2023-10-08,Liverpool,Brighton,2,2,1,Away,6.0,2.3333333333333335,1.3333333333333333
2023-10-21,Liverpool,Everton,2,0,3,Home,4.0,2.0,1.6666666666666667
2023-10-29,Liverpool,Nott'm Forest,3,0,3,Home,4.0,1.6666666666666667,1.3333333333333333
2023-11-05,Liverpool,Luton,1,1,1,Away,7.0,2.3333333333333335,0.6666666666666666
2023-11-12,Liverpool,Brentford,3,0,3,Home,7.0,2.0,0.3333333333333333
2023-11-25,Liverpool,Man City,1,1,1,Away,7.0,2.3333333333333335,0.3333333333333333
2023-12-03,Liverpool,Fulham,4,3,3,Home,5.0,1.6666666666666667,0.6666666666666666
2023-12-06,Liverpool,Sheffield United,2,0,3,Away,7.0,2.6666666666666665,1.3333333333333333
2023-12-09,Liverpool,Crystal Palace,2,1,3,Away,7.0,2.3333333333333335,1.3333333333333333
2023-12-17,Liverpool,Man United,0,0,1,Home,9.0,2.6666666666666665,1.3333333333333333
2023-12-23,Liverpool,Arsenal,1,1,1,Home,7.0,1.3333333333333333,0.3333333333333333
2023-12-26,Liverpool,Burnley,2,0,3,Away,5.0,1.0,0.6666666666666666
2024-01-01,Liverpool,Newcastle,4,2,3,Home,5.0,1.0,0.3333333333333333
2024-01-21,Liverpool,Bournemouth,4,0,3,Away,7.0,2.3333333333333335,1.0
2024-01-31,Liverpool,Chelsea,4,1,3,Home,9.0,3.3333333333333335,0.6666666666666666
2024-02-04,Liverpool,Arsenal,1,3,0,Away,9.0,4.0,1.0
2024-02-10,Liverpool,Burnley,3,1,3,Home,6.0,3.0,1.3333333333333333
2024-02-17,Liverpool,Brentford,4,1,3,Away,6.0,2.6666666666666665,1.6666666666666667
2024-02-21,Liverpool,Luton,4,1,3,Home,6.0,2.6666666666666665,1.6666666666666667
2024-03-02,Liverpool,Nott'm Forest,1,0,3,Away,9.0,3.6666666666666665,1.0
2024-03-10,Liverpool,Man City,1,1,1,Home,9.0,3.0,0.6666666666666666
2024-03-31,Liverpool,Brighton,2,1,3,Home,7.0,2.0,0.6666666666666666
2024-04-04,Liverpool,Sheffield United,3,1,3,Home,7.0,1.3333333333333333,0.6666666666666666
2024-04-07,Liverpool,Man United,2,2,1,Away,7.0,2.0,1.0
2024-04-14,Liverpool,Crystal Palace,0,1,0,Home,7.0,2.3333333333333335,1.3333333333333333
2024-04-21,Liverpool,Fulham,3,1,3,Away,4.0,1.6666666666666667,1.3333333333333333
2024-04-24,Liverpool,Everton,0,2,0,Away,4.0,1.6666666666666667,1.3333333333333333
2024-04-27,Liverpool,West Ham,2,2,1,Away,3.0,1.0,1.3333333333333333
2024-05-05,Liverpool,Tottenham,4,2,3,Home,4.0,1.6666666666666667,1.6666666666666667
2024-05-13,Liverpool,Aston Villa,3,3,1,Away,4.0,2.0,2.0
2024-05-19,Liverpool,Wolves,2,0,3,Home,5.0,3.0,2.3333333333333335
2023-08-25,Luton,Chelsea,0,3,0,Away,0.0,1.0,4.0
2023-09-01,Luton,West Ham,1,2,0,Home,0.0,0.5,3.5
2023-09-16,Luton,Fulham,0,1,0,Away,0.0,0.6666666666666666,3.0
2023-09-23,Luton,Wolves,1,1,1,Home,0.0,0.3333333333333333,2.0
2023-09-30,Luton,Everton,2,1,3,Away,1.0,0.6666666666666666,1.3333333333333333
2023-10-03,Luton,Burnley,1,2,0,Home,4.0,1.0,1.0
2023-10-07,Luton,Tottenham,0,1,0,Home,4.0,1.3333333333333333,1.3333333333333333
2023-10-21,Luton,Nott'm Forest,2,2,1,Away,3.0,1.0,1.3333333333333333
2023-10-29,Luton,Aston Villa,1,3,0,Away,1.0,1.0,1.6666666666666667
2023-11-05,Luton,Liverpool,1,1,1,Home,1.0,1.0,2.0
2023-11-11,Luton,Man United,0,1,0,Away,2.0,1.3333333333333333,2.0
2023-11-25,Luton,Crystal Palace,2,1,3,Home,1.0,0.6666666666666666,1.6666666666666667
2023-12-02,Luton,Brentford,1,3,0,Away,4.0,1.0,1.0
2023-12-05,Luton,Arsenal,3,4,0,Home,3.0,1.0,1.6666666666666667
2023-12-10,Luton,Man City,1,2,0,Home,3.0,2.0,2.6666666666666665
2023-12-23,Luton,Newcastle,1,0,3,Home,0.0,1.6666666666666667,3.0
2023-12-26,Luton,Sheffield United,3,2,3,Away,3.0,1.6666666666666667,2.0
2023-12-30,Luton,Chelsea,2,3,0,Home,6.0,1.6666666666666667,1.3333333333333333
2024-01-12,Luton,Burnley,1,1,1,Away,6.0,2.0,1.6666666666666667
2024-01-30,Luton,Brighton,4,0,3,Home,4.0,2.0,2.0
2024-02-03,Luton,Newcastle,4,4,1,Away,4.0,2.3333333333333335,1.3333333333333333
2024-02-10,Luton,Sheffield United,1,3,0,Home,5.0,3.0,1.6666666666666667
2024-02-18,Luton,Man United,1,2,0,Home,4.0,3.0,2.3333333333333335
2024-02-21,Luton,Liverpool,1,4,0,Away,1.0,2.0,3.0
2024-03-02,Luton,Aston Villa,2,3,0,Home,0.0,1.0,3.0
2024-03-09,Luton,Crystal Palace,1,1,1,Away,0.0,1.3333333333333333,3.0
2024-03-13,Luton,Bournemouth,3,4,0,Away,1.0,1.3333333333333333,2.6666666666666665
2024-03-16,Luton,Nott'm Forest,1,1,1,Home,1.0,2.0,2.6666666666666665
2024-03-30,Luton,Tottenham,1,2,0,Away,2.0,1.6666666666666667,2.0
2024-04-03,Luton,Arsenal,0,2,0,Away,1.0,1.6666666666666667,2.3333333333333335
2024-04-06,Luton,Bournemouth,2,1,3,Home,1.0,0.6666666666666666,1.6666666666666667
2024-04-13,Luton,Man City,1,5,0,Away,3.0,1.0,1.6666666666666667
2024-04-20,Luton,Brentford,1,5,0,Home,3.0,1.0,2.6666666666666665
2024-04-27,Luton,Wolves,1,2,0,Away,3.0,1.3333333333333333,3.6666666666666665
2024-05-03,Luton,Everton,1,1,1,Home,0.0,1.0,4.0
2024-05-11,Luton,West Ham,1,3,0,Away,1.0,1.0,2.6666666666666665
2024-05-19,Luton,Fulham,2,4,0,Home,1.0,1.0,2.0
2023-08-19,Man City,Newcastle,1,0,3,Home,3.0,3.0,0.0
2023-08-27,Man City,Sheffield United,2,1,3,Away,6.0,2.0,0.0
2023-09-02,Man City,Fulham,5,1,3,Home,9.0,2.0,0.3333333333333333
2023-09-16,Man City,West Ham,3,1,3,Away,9.0,2.6666666666666665,0.6666666666666666
2023-09-23,Man City,Nott'm Forest,2,0,3,Home,9.0,3.3333333333333335,1.0
2023-09-30,Man City,Wolves,1,2,0,Away,9.0,3.3333333333333335,0.6666666666666666
2023-10-08,Man City,Arsenal,0,1,0,Away,6.0,2.0,1.0
2023-10-21,Man City,Brighton,2,1,3,Home,3.0,1.0,1.0
2023-10-29,Man City,Man United,3,0,3,Away,3.0,1.0,1.3333333333333333
2023-11-04,Man City,Bournemouth,6,1,3,Home,6.0,1.6666666666666667,0.6666666666666666
2023-11-12,Man City,Chelsea,4,4,1,Away,9.0,3.6666666666666665,0.6666666666666666
2023-11-25,Man City,Liverpool,1,1,1,Home,7.0,4.333333333333333,1.6666666666666667
2023-12-03,Man City,Tottenham,3,3,1,Home,5.0,3.6666666666666665,2.0
2023-12-06,Man City,Aston Villa,0,1,0,Away,3.0,2.6666666666666665,2.6666666666666665
2023-12-10,Man City,Luton,2,1,3,Away,2.0,1.3333333333333333,1.6666666666666667
2023-12-16,Man City,Crystal Palace,2,2,1,Home,4.0,1.6666666666666667,1.6666666666666667
2023-12-27,Man City,Everton,3,1,3,Away,4.0,1.3333333333333333,1.3333333333333333
2023-12-30,Man City,Sheffield United,2,0,3,Home,7.0,2.3333333333333335,1.3333333333333333
2024-01-13,Man City,Newcastle,3,2,3,Away,7.0,2.3333333333333335,1.0
2024-01-31,Man City,Burnley,3,1,3,Home,9.0,2.6666666666666665,1.0
2024-02-05,Man City,Brentford,3,1,3,Away,9.0,2.6666666666666665,1.0
2024-02-10,Man City,Everton,2,0,3,Home,9.0,3.0,1.3333333333333333
2024-02-17,Man City,Chelsea,1,1,1,Home,9.0,2.6666666666666665,0.6666666666666666
2024-02-20,Man City,Brentford,1,0,3,Home,7.0,2.0,0.6666666666666666
2024-02-24,Man City,Bournemouth,1,0,3,Away,7.0,1.3333333333333333,0.3333333333333333
2024-03-03,Man City,Man United,3,1,3,Home,7.0,1.0,0.3333333333333333
2024-03-10,Man City,Liverpool,1,1,1,Away,9.0,1.6666666666666667,0.3333333333333333
2024-03-31,Man City,Arsenal,0,0,1,Home,7.0,1.6666666666666667,0.6666666666666666
2024-04-03,Man City,Aston Villa,4,1,3,Home,5.0,1.3333333333333333,0.6666666666666666
2024-04-06,Man City,Crystal Palace,4,2,3,Away,5.0,1.6666666666666667,0.6666666666666666
2024-04-13,Man City,Luton,5,1,3,Home,7.0,2.6666666666666665,1.0
2024-04-25,Man City,Brighton,4,0,3,Away,9.0,4.333333333333333,1.3333333333333333
2024-04-28,Man City,Nott'm Forest,2,0,3,Away,9.0,4.333333333333333,1.0
2024-05-04,Man City,Wolves,5,1,3,Home,9.0,3.6666666666666665,0.3333333333333333
2024-05-11,Man City,Fulham,4,0,3,Away,9.0,3.6666666666666665,0.3333333333333333
2024-05-14,Man City,Tottenham,2,0,3,Away,9.0,3.6666666666666665,0.3333333333333333
2024-05-19,Man City,West Ham,3,1,3,Home,9.0,3.6666666666666665,0.3333333333333333
2023-08-19,Man United,Tottenham,0,2,0,Away,3.0,1.0,0.0
2023-08-26,Man United,Nott'm Forest,3,2,3,Home,3.0,0.5,1.0
2023-09-03,Man United,Arsenal,1,3,0,Away,6.0,1.3333333333333333,1.3333333333333333
2023-09-16,Man United,Brighton,1,3,0,Home,3.0,1.3333333333333333,2.3333333333333335
2023-09-23,Man United,Burnley,1,0,3,Away,3.0,1.6666666666666667,2.6666666666666665
2023-09-30,Man United,Crystal Palace,0,1,0,Home,3.0,1.0,2.0
2023-10-07,Man United,Brentford,2,1,3,Home,3.0,0.6666666666666666,1.3333333333333333
2023-10-21,Man United,Sheffield United,2,1,3,Away,6.0,1.0,0.6666666666666666
2023-10-29,Man United,Man City,0,3,0,Home,6.0,1.3333333333333333,1.0
2023-11-04,Man United,Fulham,1,0,3,Away,6.0,1.3333333333333333,1.6666666666666667
2023-11-11,Man United,Luton,1,0,3,Home,6.0,1.0,1.3333333333333333
2023-11-26,Man United,Everton,3,0,3,Away,6.0,0.6666666666666666,1.0
2023-12-02,Man United,Newcastle,0,1,0,Away,9.0,1.6666666666666667,0.0
2023-12-06,Man United,Chelsea,2,1,3,Home,6.0,1.3333333333333333,0.3333333333333333
2023-12-09,Man United,Bournemouth,0,3,0,Home,6.0,1.6666666666666667,0.6666666666666666
2023-12-17,Man United,Liverpool,0,0,1,Away,3.0,0.6666666666666666,1.6666666666666667
2023-12-23,Man United,West Ham,0,2,0,Away,4.0,0.6666666666666666,1.3333333333333333
2023-12-26,Man United,Aston Villa,3,2,3,Home,1.0,0.0,1.6666666666666667
2023-12-30,Man United,Nott'm Forest,1,2,0,Away,4.0,1.0,1.3333333333333333
2024-01-14,Man United,Tottenham,2,2,1,Home,3.0,1.3333333333333333,2.0
2024-02-01,Man United,Wolves,4,3,3,Away,4.0,2.0,2.0
2024-02-04,Man United,West Ham,3,0,3,Home,4.0,2.3333333333333335,2.3333333333333335
2024-02-11,Man United,Aston Villa,2,1,3,Away,7.0,3.0,1.6666666666666667
2024-02-18,Man United,Luton,2,1,3,Away,9.0,3.0,1.3333333333333333
2024-02-24,Man United,Fulham,1,2,0,Home,9.0,2.3333333333333335,0.6666666666666666
2024-03-03,Man United,Man City,1,3,0,Away,6.0,1.6666666666666667,1.3333333333333333
2024-03-09,Man United,Everton,2,0,3,Home,3.0,1.3333333333333333,2.0
2024-03-30,Man United,Brentford,1,1,1,Away,3.0,1.3333333333333333,1.6666666666666667
2024-04-04,Man United,Chelsea,3,4,0,Away,4.0,1.3333333333333333,1.3333333333333333
2024-04-07,Man United,Liverpool,2,2,1,Home,4.0,2.0,1.6666666666666667
2024-04-13,Man United,Bournemouth,2,2,1,Away,2.0,2.0,2.3333333333333335
2024-04-24,Man United,Sheffield United,4,2,3,Home,2.0,2.3333333333333335,2.6666666666666665
2024-04-27,Man United,Burnley,1,1,1,Home,5.0,2.6666666666666665,2.0
2024-05-06,Man United,Crystal Palace,0,4,0,Away,5.0,2.3333333333333335,1.6666666666666667
2024-05-12,Man United,Arsenal,0,1,0,Home,4.0,1.6666666666666667,2.3333333333333335
2024-05-15,Man United,Newcastle,3,2,3,Home,1.0,0.3333333333333333,2.0
2024-05-19,Man United,Brighton,2,0,3,Away,3.0,1.0,2.3333333333333335
2023-08-19,Newcastle,Man City,0,1,0,Away,3.0,5.0,1.0
2023-08-27,Newcastle,Liverpool,1,2,0,Home,3.0,2.5,1.0
2023-09-02,Newcastle,Brighton,1,3,0,Away,3.0,2.0,1.3333333333333333
2023-09-16,Newcastle,Brentford,1,0,3,Home,0.0,0.6666666666666666,2.0
2023-09-24,Newcastle,Sheffield United,8,0,3,Away,3.0,1.0,1.6666666666666667
2023-09-30,Newcastle,Burnley,2,0,3,Home,6.0,3.3333333333333335,1.0
2023-10-08,Newcastle,West Ham,2,2,1,Away,9.0,3.6666666666666665,0.0
2023-10-21,Newcastle,Crystal Palace,4,0,3,Home,7.0,4.0,0.6666666666666666
2023-10-28,Newcastle,Wolves,2,2,1,Away,7.0,2.6666666666666665,0.6666666666666666
2023-11-04,Newcastle,Arsenal,1,0,3,Home,5.0,2.6666666666666665,1.3333333333333333
2023-11-11,Newcastle,Bournemouth,0,2,0,Away,7.0,2.3333333333333335,0.6666666666666666
2023-11-25,Newcastle,Chelsea,4,1,3,Home,4.0,1.0,1.3333333333333333
2023-12-02,Newcastle,Man United,1,0,3,Home,6.0,1.6666666666666667,1.0
2023-12-07,Newcastle,Everton,0,3,0,Away,6.0,1.6666666666666667,1.0
2023-12-10,Newcastle,Tottenham,1,4,0,Away,6.0,1.6666666666666667,1.3333333333333333
2023-12-16,Newcastle,Fulham,3,0,3,Home,3.0,0.6666666666666666,2.3333333333333335
2023-12-23,Newcastle,Luton,0,1,0,Away,3.0,1.3333333333333333,2.3333333333333335
2023-12-26,Newcastle,Nott'm Forest,1,3,0,Home,3.0,1.3333333333333333,1.6666666666666667
2024-01-01,Newcastle,Liverpool,2,4,0,Away,3.0,1.3333333333333333,1.3333333333333333
2024-01-13,Newcastle,Man City,2,3,0,Home,0.0,1.0,2.6666666666666665
2024-01-30,Newcastle,Aston Villa,3,1,3,Away,0.0,1.6666666666666667,3.3333333333333335
2024-02-03,Newcastle,Luton,4,4,1,Home,3.0,2.3333333333333335,2.6666666666666665
2024-02-10,Newcastle,Nott'm Forest,3,2,3,Away,4.0,3.0,2.6666666666666665
2024-02-17,Newcastle,Bournemouth,2,2,1,Home,7.0,3.3333333333333335,2.3333333333333335
2024-02-24,Newcastle,Arsenal,1,4,0,Away,5.0,3.0,2.6666666666666665
2024-03-02,Newcastle,Wolves,3,0,3,Home,4.0,2.0,2.6666666666666665
2024-03-11,Newcastle,Chelsea,2,3,0,Away,4.0,2.0,2.0
2024-03-30,Newcastle,West Ham,4,3,3,Home,3.0,2.0,2.3333333333333335
2024-04-02,Newcastle,Everton,1,1,1,Home,6.0,3.0,2.0
2024-04-06,Newcastle,Fulham,1,0,3,Away,4.0,2.3333333333333335,2.3333333333333335
2024-04-13,Newcastle,Tottenham,4,0,3,Home,7.0,2.0,1.3333333333333333
2024-04-24,Newcastle,Crystal Palace,0,2,0,Away,7.0,2.0,0.3333333333333333
2024-04-27,Newcastle,Sheffield United,5,1,3,Home,6.0,1.6666666666666667,0.6666666666666666
2024-05-04,Newcastle,Burnley,4,1,3,Away,6.0,3.0,1.0
2024-05-11,Newcastle,Brighton,1,1,1,Home,6.0,3.0,1.3333333333333333
2024-05-15,Newcastle,Man United,2,3,0,Away,7.0,3.3333333333333335,1.0
2024-05-19,Newcastle,Brentford,4,2,3,Away,4.0,2.3333333333333335,1.6666666666666667
2023-08-18,Nott'm Forest,Sheffield United,2,1,3,Home,0.0,1.0,2.0
2023-08-26,Nott'm Forest,Man United,2,3,0,Away,3.0,1.5,1.5
2023-09-02,Nott'm Forest,Chelsea,1,0,3,Away,3.0,1.6666666666666667,2.0
2023-09-18,Nott'm Forest,Burnley,1,1,1,Home,6.0,1.6666666666666667,1.3333333333333333
2023-09-23,Nott'm Forest,Man City,0,2,0,Away,4.0,1.3333333333333333,1.3333333333333333
2023-10-01,Nott'm Forest,Brentford,1,1,1,Home,4.0,0.6666666666666666,1.0
2023-10-07,Nott'm Forest,Crystal Palace,0,0,1,Away,2.0,0.6666666666666666,1.3333333333333333
2023-10-21,Nott'm Forest,Luton,2,2,1,Home,2.0,0.3333333333333333,1.0
2023-10-29,Nott'm Forest,Liverpool,0,3,0,Away,3.0,1.0,1.0
2023-11-05,Nott'm Forest,Aston Villa,2,0,3,Home,2.0,0.6666666666666666,1.6666666666666667
2023-11-12,Nott'm Forest,West Ham,2,3,0,Away,4.0,1.3333333333333333,1.6666666666666667
2023-11-25,Nott'm Forest,Brighton,2,3,0,Home,3.0,1.3333333333333333,2.0
2023-12-02,Nott'm Forest,Everton,0,1,0,Home,3.0,2.0,2.0
2023-12-06,Nott'm Forest,Fulham,0,5,0,Away,0.0,1.3333333333333333,2.3333333333333335
2023-12-09,Nott'm Forest,Wolves,1,1,1,Away,0.0,0.6666666666666666,3.0
2023-12-15,Nott'm Forest,Tottenham,0,2,0,Home,1.0,0.3333333333333333,2.3333333333333335
2023-12-23,Nott'm Forest,Bournemouth,2,3,0,Home,1.0,0.3333333333333333,2.6666666666666665
2023-12-26,Nott'm Forest,Newcastle,3,1,3,Away,1.0,1.0,2.0
2023-12-30,Nott'm Forest,Man United,2,1,3,Home,3.0,1.6666666666666667,2.0
2024-01-20,Nott'm Forest,Brentford,2,3,0,Away,6.0,2.3333333333333335,1.6666666666666667
2024-01-30,Nott'm Forest,Arsenal,1,2,0,Home,6.0,2.3333333333333335,1.6666666666666667
2024-02-04,Nott'm Forest,Bournemouth,1,1,1,Away,3.0,1.6666666666666667,2.0
2024-02-10,Nott'm Forest,Newcastle,2,3,0,Home,1.0,1.3333333333333333,2.0
2024-02-17,Nott'm Forest,West Ham,2,0,3,Home,1.0,1.3333333333333333,2.0
2024-02-24,Nott'm Forest,Aston Villa,2,4,0,Away,4.0,1.6666666666666667,1.3333333333333333
2024-03-02,Nott'm Forest,Liverpool,0,1,0,Home,3.0,2.0,2.3333333333333335
2024-03-10,Nott'm Forest,Brighton,0,1,0,Away,3.0,1.3333333333333333,1.6666666666666667
2024-03-16,Nott'm Forest,Luton,1,1,1,Away,0.0,0.6666666666666666,2.0
2024-03-30,Nott'm Forest,Crystal Palace,1,1,1,Home,1.0,0.3333333333333333,1.0
2024-04-02,Nott'm Forest,Fulham,3,1,3,Home,2.0,0.6666666666666666,1.0
2024-04-07,Nott'm Forest,Tottenham,1,3,0,Away,5.0,1.6666666666666667,1.0
2024-04-13,Nott'm Forest,Wolves,2,2,1,Home,4.0,1.6666666666666667,1.6666666666666667
2024-04-21,Nott'm Forest,Everton,0,2,0,Away,4.0,2.0,2.0
2024-04-28,Nott'm Forest,Man City,0,2,0,Home,1.0,1.0,2.3333333333333335
2024-05-04,Nott'm Forest,Sheffield United,3,1,3,Away,1.0,0.6666666666666666,2.0
2024-05-11,Nott'm Forest,Chelsea,2,3,0,Home,3.0,1.0,1.6666666666666667
2024-05-19,Nott'm Forest,Burnley,2,1,3,Away,3.0,1.6666666666666667,2.0
2023-08-18,Sheffield United,Nott'm Forest,1,2,0,Away,0.0,0.0,1.0
2023-08-27,Sheffield United,Man City,1,2,0,Home,0.0,0.5,1.5
2023-09-02,Sheffield United,Everton,2,2,1,Home,0.0,0.6666666666666666,1.6666666666666667
2023-09-16,Sheffield United,Tottenham,1,2,0,Away,1.0,1.3333333333333333,2.0
2023-09-24,Sheffield United,Newcastle,0,8,0,Home,1.0,1.3333333333333333,2.0
2023-09-30,Sheffield United,West Ham,0,2,0,Away,1.0,1.0,4.0
2023-10-07,Sheffield United,Fulham,1,3,0,Away,0.0,0.3333333333333333,4.0
2023-10-21,Sheffield United,Man United,1,2,0,Home,0.0,0.3333333333333333,4.333333333333333
2023-10-28,Sheffield United,Arsenal,0,5,0,Away,0.0,0.6666666666666666,2.3333333333333335
2023-11-04,Sheffield United,Wolves,2,1,3,Home,0.0,0.6666666666666666,3.3333333333333335
2023-11-12,Sheffield United,Brighton,1,1,1,Away,3.0,1.0,2.6666666666666665
2023-11-25,Sheffield United,Bournemouth,1,3,0,Home,4.0,1.0,2.3333333333333335
2023-12-02,Sheffield United,Burnley,0,5,0,Away,4.0,1.3333333333333333,1.6666666666666667
2023-12-06,Sheffield United,Liverpool,0,2,0,Home,1.0,0.6666666666666666,3.0
2023-12-09,Sheffield United,Brentford,1,0,3,Home,0.0,0.3333333333333333,3.3333333333333335
2023-12-16,Sheffield United,Chelsea,0,2,0,Away,3.0,0.3333333333333333,2.3333333333333335
2023-12-22,Sheffield United,Aston Villa,1,1,1,Away,3.0,0.3333333333333333,1.3333333333333333
2023-12-26,Sheffield United,Luton,2,3,0,Home,4.0,0.6666666666666666,1.0
2023-12-30,Sheffield United,Man City,0,2,0,Away,1.0,1.0,2.0
2024-01-21,Sheffield United,West Ham,2,2,1,Home,1.0,1.0,2.0
2024-01-30,Sheffield United,Crystal Palace,2,3,0,Away,1.0,1.3333333333333333,2.3333333333333335
2024-02-03,Sheffield United,Aston Villa,0,5,0,Home,1.0,1.3333333333333333,2.3333333333333335
2024-02-10,Sheffield United,Luton,3,1,3,Away,1.0,1.3333333333333333,3.3333333333333335
2024-02-18,Sheffield United,Brighton,0,5,0,Home,3.0,1.6666666666666667,3.0
2024-02-25,Sheffield United,Wolves,0,1,0,Away,3.0,1.0,3.6666666666666665
2024-03-04,Sheffield United,Arsenal,0,6,0,Home,3.0,1.0,2.3333333333333335
2024-03-09,Sheffield United,Bournemouth,2,2,1,Away,0.0,0.0,4.0
2024-03-30,Sheffield United,Fulham,3,3,1,Home,1.0,0.6666666666666666,3.0
2024-04-04,Sheffield United,Liverpool,1,3,0,Away,2.0,1.6666666666666667,3.6666666666666665
2024-04-07,Sheffield United,Chelsea,2,2,1,Home,2.0,2.0,2.6666666666666665
2024-04-13,Sheffield United,Brentford,0,2,0,Away,2.0,2.0,2.6666666666666665
2024-04-20,Sheffield United,Burnley,1,4,0,Home,1.0,1.0,2.3333333333333335
2024-04-24,Sheffield United,Man United,2,4,0,Away,1.0,1.0,2.6666666666666665
2024-04-27,Sheffield United,Newcastle,1,5,0,Away,0.0,1.0,3.3333333333333335
2024-05-04,Sheffield United,Nott'm Forest,1,3,0,Home,0.0,1.3333333333333333,4.333333333333333
2024-05-11,Sheffield United,Everton,0,1,0,Away,0.0,1.3333333333333333,4.0
2024-05-19,Sheffield United,Tottenham,0,3,0,Home,0.0,0.6666666666666666,3.0
2023-08-19,Tottenham,Man United,2,0,3,Home,1.0,2.0,2.0
2023-08-26,Tottenham,Bournemouth,2,0,3,Away,4.0,2.0,1.0
2023-09-02,Tottenham,Burnley,5,2,3,Away,7.0,2.0,0.6666666666666666
2023-09-16,Tottenham,Sheffield United,2,1,3,Home,9.0,3.0,0.6666666666666666
2023-09-24,Tottenham,Arsenal,2,2,1,Away,9.0,3.0,1.0
2023-09-30,Tottenham,Liverpool,2,1,3,Home,7.0,3.0,1.6666666666666667
2023-10-07,Tottenham,Luton,1,0,3,Away,7.0,2.0,1.3333333333333333
2023-10-23,Tottenham,Fulham,2,0,3,Home,7.0,1.6666666666666667,1.0
2023-10-27,Tottenham,Crystal Palace,2,1,3,Away,9.0,1.6666666666666667,0.3333333333333333
2023-11-06,Tottenham,Chelsea,1,4,0,Home,9.0,1.6666666666666667,0.3333333333333333
2023-11-11,Tottenham,Wolves,1,2,0,Away,6.0,1.6666666666666667,1.6666666666666667
2023-11-26,Tottenham,Aston Villa,1,2,0,Home,3.0,1.3333333333333333,2.3333333333333335
2023-12-03,Tottenham,Man City,3,3,1,Away,0.0,1.0,2.6666666666666665
2023-12-07,Tottenham,West Ham,1,2,0,Home,1.0,1.6666666666666667,2.3333333333333335
2023-12-10,Tottenham,Newcastle,4,1,3,Home,1.0,1.6666666666666667,2.3333333333333335
2023-12-15,Tottenham,Nott'm Forest,2,0,3,Away,4.0,2.6666666666666665,2.0
2023-12-23,Tottenham,Everton,2,1,3,Home,6.0,2.3333333333333335,1.0
2023-12-28,Tottenham,Brighton,2,4,0,Away,9.0,2.6666666666666665,0.6666666666666666
2023-12-31,Tottenham,Bournemouth,3,1,3,Home,6.0,2.0,1.6666666666666667
2024-01-14,Tottenham,Man United,2,2,1,Away,6.0,2.3333333333333335,2.0
2024-01-31,Tottenham,Brentford,3,2,3,Home,4.0,2.3333333333333335,2.3333333333333335
2024-02-03,Tottenham,Everton,2,2,1,Away,7.0,2.6666666666666665,1.6666666666666667
2024-02-10,Tottenham,Brighton,2,1,3,Home,5.0,2.3333333333333335,2.0
2024-02-17,Tottenham,Wolves,1,2,0,Home,7.0,2.3333333333333335,1.6666666666666667
2024-03-02,Tottenham,Crystal Palace,3,1,3,Home,4.0,1.6666666666666667,1.6666666666666667
2024-03-10,Tottenham,Aston Villa,4,0,3,Away,6.0,2.0,1.3333333333333333
2024-03-16,Tottenham,Fulham,0,3,0,Away,6.0,2.6666666666666665,1.0
2024-03-30,Tottenham,Luton,2,1,3,Home,6.0,2.3333333333333335,1.3333333333333333
2024-04-02,Tottenham,West Ham,1,1,1,Away,6.0,2.0,1.3333333333333333
2024-04-07,Tottenham,Nott'm Forest,3,1,3,Home,4.0,1.0,1.6666666666666667
2024-04-13,Tottenham,Newcastle,0,4,0,Away,7.0,2.0,1.0
2024-04-28,Tottenham,Arsenal,2,3,0,Home,4.0,1.3333333333333333,2.0
2024-05-02,Tottenham,Chelsea,0,2,0,Away,3.0,1.6666666666666667,2.6666666666666665
2024-05-05,Tottenham,Liverpool,2,4,0,Away,0.0,0.6666666666666666,3.0
2024-05-11,Tottenham,Burnley,2,1,3,Home,0.0,1.3333333333333333,3.0
2024-05-14,Tottenham,Man City,0,2,0,Home,3.0,1.3333333333333333,2.3333333333333335
2024-05-19,Tottenham,Sheffield United,3,0,3,Away,3.0,1.3333333333333333,2.3333333333333335
2023-08-20,West Ham,Chelsea,3,1,3,Home,1.0,1.0,1.0
2023-08-26,West Ham,Brighton,3,1,3,Away,4.0,2.0,1.0
2023-09-01,West Ham,Luton,2,1,3,Away,7.0,2.3333333333333335,1.0
2023-09-16,West Ham,Man City,1,3,0,Home,9.0,2.6666666666666665,1.0
2023-09-24,West Ham,Liverpool,1,3,0,Away,6.0,2.0,1.6666666666666667
2023-09-30,West Ham,Sheffield United,2,0,3,Home,3.0,1.3333333333333333,2.3333333333333335
2023-10-08,West Ham,Newcastle,2,2,1,Home,3.0,1.3333333333333333,2.0
2023-10-22,West Ham,Aston Villa,1,4,0,Away,4.0,1.6666666666666667,1.6666666666666667
2023-10-29,West Ham,Everton,0,1,0,Home,4.0,1.6666666666666667,2.0
2023-11-04,West Ham,Brentford,2,3,0,Away,1.0,1.0,2.3333333333333335
2023-11-12,West Ham,Nott'm Forest,3,2,3,Home,0.0,1.0,2.6666666666666665
2023-11-25,West Ham,Burnley,2,1,3,Away,3.0,1.6666666666666667,2.0
2023-12-03,West Ham,Crystal Palace,1,1,1,Home,6.0,2.3333333333333335,2.0
2023-12-07,West Ham,Tottenham,2,1,3,Away,7.0,2.0,1.3333333333333333
2023-12-10,West Ham,Fulham,0,5,0,Away,7.0,1.6666666666666667,1.0
2023-12-17,West Ham,Wolves,3,0,3,Home,4.0,1.0,2.3333333333333335
2023-12-23,West Ham,Man United,2,0,3,Home,6.0,1.6666666666666667,2.0
2023-12-28,West Ham,Arsenal,2,0,3,Away,6.0,1.6666666666666667,1.6666666666666667
2024-01-02,West Ham,Brighton,0,0,1,Home,9.0,2.3333333333333335,0.0
2024-01-21,West Ham,Sheffield United,2,2,1,Away,7.0,1.3333333333333333,0.0
2024-02-01,West Ham,Bournemouth,1,1,1,Home,5.0,1.3333333333333333,0.6666666666666666
2024-02-04,West Ham,Man United,0,3,0,Away,3.0,1.0,1.0
2024-02-11,West Ham,Arsenal,0,6,0,Home,2.0,1.0,2.0
2024-02-17,West Ham,Nott'm Forest,0,2,0,Away,1.0,0.3333333333333333,3.3333333333333335
2024-02-26,West Ham,Brentford,4,2,3,Home,0.0,0.0,3.6666666666666665
2024-03-02,West Ham,Everton,3,1,3,Away,3.0,1.3333333333333333,3.3333333333333335
2024-03-10,West Ham,Burnley,2,2,1,Home,6.0,2.3333333333333335,1.6666666666666667
2024-03-17,West Ham,Aston Villa,1,1,1,Home,7.0,3.0,1.6666666666666667
2024-03-30,West Ham,Newcastle,3,4,0,Away,5.0,2.0,1.3333333333333333
2024-04-02,West Ham,Tottenham,1,1,1,Home,2.0,2.0,2.3333333333333335
2024-04-06,West Ham,Wolves,2,1,3,Away,2.0,1.6666666666666667,2.0
2024-04-14,West Ham,Fulham,0,2,0,Home,4.0,2.0,2.0
2024-04-21,West Ham,Crystal Palace,2,5,0,Away,4.0,1.0,1.3333333333333333
2024-04-27,West Ham,Liverpool,2,2,1,Home,3.0,1.3333333333333333,2.6666666666666665
2024-05-05,West Ham,Chelsea,0,5,0,Away,1.0,1.3333333333333333,3.0
2024-05-11,West Ham,Luton,3,1,3,Home,1.0,1.3333333333333333,4.0
2024-05-19,West Ham,Man City,1,3,0,Away,4.0,1.6666666666666667,2.6666666666666665
2023-08-19,Wolves,Brighton,1,4,0,Home,0.0,0.0,1.0
2023-08-26,Wolves,Everton,1,0,3,Away,0.0,0.5,2.5
2023-09-03,Wolves,Crystal Palace,2,3,0,Away,3.0,0.6666666666666666,1.6666666666666667
2023-09-16,Wolves,Liverpool,1,3,0,Home,3.0,1.3333333333333333,2.3333333333333335
2023-09-23,Wolves,Luton,1,1,1,Away,3.0,1.3333333333333333,2.0
2023-09-30,Wolves,Man City,2,1,3,Home,1.0,1.3333333333333333,2.3333333333333335
2023-10-08,Wolves,Aston Villa,1,1,1,Home,4.0,1.3333333333333333,1.6666666666666667
2023-10-21,Wolves,Bournemouth,2,1,3,Away,5.0,1.3333333333333333,1.0
2023-10-28,Wolves,Newcastle,2,2,1,Home,7.0,1.6666666666666667,1.0
2023-11-04,Wolves,Sheffield United,1,2,0,Away,5.0,1.6666666666666667,1.3333333333333333
2023-11-11,Wolves,Tottenham,2,1,3,Home,4.0,1.6666666666666667,1.6666666666666667
2023-11-27,Wolves,Fulham,2,3,0,Away,4.0,1.6666666666666667,1.6666666666666667
2023-12-02,Wolves,Arsenal,1,2,0,Away,3.0,1.6666666666666667,2.0
2023-12-05,Wolves,Burnley,1,0,3,Home,3.0,1.6666666666666667,2.0
2023-12-09,Wolves,Nott'm Forest,1,1,1,Home,3.0,1.3333333333333333,1.6666666666666667
2023-12-17,Wolves,West Ham,0,3,0,Away,4.0,1.0,1.0
2023-12-24,Wolves,Chelsea,2,1,3,Home,4.0,0.6666666666666666,1.3333333333333333
2023-12-27,Wolves,Brentford,4,1,3,Away,4.0,1.0,1.6666666666666667
2023-12-30,Wolves,Everton,3,0,3,Home,6.0,2.0,1.6666666666666667
2024-01-22,Wolves,Brighton,0,0,1,Away,9.0,3.0,0.6666666666666666
2024-02-01,Wolves,Man United,3,4,0,Home,7.0,2.3333333333333335,0.3333333333333333
2024-02-04,Wolves,Chelsea,4,2,3,Away,4.0,2.0,1.3333333333333333
2024-02-10,Wolves,Brentford,0,2,0,Home,4.0,2.3333333333333335,2.0
2024-02-17,Wolves,Tottenham,2,1,3,Away,3.0,2.3333333333333335,2.6666666666666665
2024-02-25,Wolves,Sheffield United,1,0,3,Home,6.0,2.0,1.6666666666666667
2024-03-02,Wolves,Newcastle,0,3,0,Away,6.0,1.0,1.0
2024-03-09,Wolves,Fulham,2,1,3,Home,6.0,1.0,1.3333333333333333
2024-03-30,Wolves,Aston Villa,0,2,0,Away,6.0,1.0,1.3333333333333333
2024-04-02,Wolves,Burnley,1,1,1,Away,3.0,0.6666666666666666,2.0
2024-04-06,Wolves,West Ham,1,2,0,Home,4.0,1.0,1.3333333333333333
2024-04-13,Wolves,Nott'm Forest,2,2,1,Away,1.0,0.6666666666666666,1.6666666666666667
2024-04-20,Wolves,Arsenal,0,2,0,Home,2.0,1.3333333333333333,1.6666666666666667
2024-04-24,Wolves,Bournemouth,0,1,0,Home,1.0,1.0,2.0
2024-04-27,Wolves,Luton,2,1,3,Home,1.0,0.6666666666666666,1.6666666666666667
2024-05-04,Wolves,Man City,1,5,0,Away,3.0,0.6666666666666666,1.3333333333333333
2024-05-11,Wolves,Crystal Palace,1,3,0,Home,3.0,1.0,2.3333333333333335
2024-05-19,Wolves,Liverpool,0,2,0,Away,3.0,1.3333333333333333,3.0
